title,genre,bpm,pop,year
STARSTRUKK (feat. Katy Perry),dance pop,140,70,2010
My First Kiss (feat. Ke$ha),dance pop,138,68,2010
I Need A Dollar,pop soul,95,72,2010
Airplanes (feat. Hayley Williams of Paramore),alt hip hop,93,80,2010
Nothin' on You (feat. Bruno Mars),alt hip hop,104,79,2010
Magic (feat. Rivers Cuomo),alt hip hop,82,71,2010
The Time (Dirty Bit),dance pop,128,75,2010
Imma Be,dance pop,92,71,2010
Talking to the Moon,dance pop,146,87,2010
Just the Way You Are,dance pop,109,86,2010
Teach Me How to Dougie,pop rap,85,71,2010
Forget You,alt hip hop,127,69,2010
Deuces (feat. Tyga & Kevin McCall),dance pop,74,74,2010
Memories (feat. Kid Cudi),big room,130,74,2010
Gettin' Over You (feat. Fergie & LMFAO),big room,130,55,2010
"All I Do Is Win (feat. T-Pain, Ludacris, Snoop Dogg & Rick Ross)",dance pop,150,55,2010
Over,canadian hip hop,100,72,2010
Find Your Love,canadian hip hop,96,70,2010
Barbra Streisand (Radio Edit),disco house,128,61,2010
Stereo Love - Radio Edit,romanian house,127,71,2010
Pack Up,lilith,133,46,2010
Starry Eyed,dance pop,150,59,2010
Love The Way You Lie,detroit hip hop,87,87,2010
Not Afraid,detroit hip hop,115,85,2010
I Like It,dance pop,129,71,2010
Kickstarts,dance pop,126,69,2010
Like A G6,asian american hip hop,125,75,2010
Club Can't Handle Me (feat. David Guetta),dance pop,128,81,2010
Hot - Malibu Breeze Radio Edit,dance pop,128,43,2010
Replay,dance pop,91,78,2010
Whatcha Say,dance pop,144,72,2010
Ridin' Solo,dance pop,89,70,2010
In My Head,dance pop,110,67,2010
Down,dance pop,132,83,2010
Do You Remember,dance pop,126,74,2010
Young Forever,east coast hip hop,140,71,2010
Heartbreak Warfare,neo mellow,97,69,2010
Half of My Heart,neo mellow,115,68,2010
Baby,canadian pop,65,86,2010
California Gurls,dance pop,125,78,2010
Teenage Dream,dance pop,120,76,2010
Commander,alt hip hop,125,54,2010
TiK ToK,dance pop,120,86,2010
Your Love Is My Drug,dance pop,120,75,2010
Take It Off,dance pop,125,74,2010
Blah Blah Blah (feat. 3OH!3),dance pop,120,67,2010
Wavin' Flag,reggae fusion,76,63,2010
Live Like We're Dying,idol,92,57,2010
Bad Romance,art pop,119,86,2010
Telephone,art pop,122,75,2010
Alejandro,art pop,99,72,2010
Right Above It,hip hop,76,74,2010
My Chick Bad,alt hip hop,85,73,2010
How Low,alt hip hop,144,68,2010
Misery,pop,103,70,2010
When We Collide,talent show,82,52,2010
Cooler Than Me - Single Mix,dance pop,130,81,2010
Can't Be Tamed,dance pop,117,69,2010
Animal,modern alternative rock,148,76,2010
Fireflies,indietronica,180,84,2010
She Said,grime,147,39,2010
Only Girl (In The World),barbadian pop,126,82,2010
Rude Boy,barbadian pop,174,80,2010
What's My Name?,barbadian pop,100,75,2010
Man Down,barbadian pop,156,65,2010
Hard,barbadian pop,182,60,2010
Dancing On My Own - Radio Edit,art pop,117,65,2010
King of Anything,acoustic pop,119,66,2010
This Ain't a Love Song,dance pop,177,58,2010
Eenie Meenie,dance pop,121,72,2010
Riverside,dutch house,126,42,2010
Alors on danse - Radio Edit,belgian pop,120,83,2010
Stuck Like Glue,contemporary country,84,73,2010
One - Radio Edit,dance pop,125,62,2010
Miami 2 Ibiza - Swedish House Mafia vs. Tinie Tempah,dance pop,125,52,2010
Dynamite,dance pop,120,85,2010
Break Your Heart,dance pop,122,79,2010
The Flood,boy band,101,63,2010
Back To December,pop,142,71,2010
Mine,pop,121,70,2010
Today Was A Fairytale,pop,158,56,2010
If I Die Young,contemporary country,131,74,2010
For the First Time,celtic rock,174,66,2010
All Time Low,boy band,134,63,2010
Seek Bromance (Avicii Vocal Edit),edm,126,55,2010
Carry Out (Featuring Justin Timberlake),dance pop,116,74,2010
If We Ever Meet Again (Featuring Katy Perry),dance pop,126,74,2010
Pass Out,dance pop,91,51,2010
Written in the Stars (feat. Eric Turner),dance pop,123,51,2010
"Hey, Soul Sister",dance pop,97,87,2010
Billionaire (feat. Bruno Mars),dance pop,87,77,2010
Bottoms Up (feat. Nicki Minaj),dance pop,74,78,2010
Say Aah (feat. Fabolous),dance pop,93,68,2010
What You Know,indie rock,139,76,2010
DJ Got Us Fallin' In Love (feat. Pitbull),alt hip hop,120,84,2010
OMG (feat. will.i.am),alt hip hop,130,78,2010
Hey Daddy (Daddy's Home),alt hip hop,96,65,2010
No Hands (feat. Roscoe Dash & Wale),alt hip hop,131,63,2010
We No Speak Americano (Edit),australian dance,125,65,2010
BedRock,dance pop,148,76,2010
Rolling in the Deep,british soul,105,84,2011
Set Fire to the Rain,british soul,108,81,2011
Mr. Saxobeat,dance pop,127,69,2011
What the Hell,canadian pop,150,80,2011
Lighters,detroit hip hop,90,74,2011
Love On Top,dance pop,94,79,2011
Best Thing I Never Had,dance pop,99,74,2011
Skinny Love,pop,166,77,2011
Just Can’t Get Enough,dance pop,94,81,2011
Honey Bee,contemporary country,206,69,2011
Holocene,eau claire indie,148,70,2011
I Wanna Go,dance pop,130,71,2011
Till the World Ends,dance pop,132,71,2011
Grenade,dance pop,110,82,2011
Marry You,dance pop,145,79,2011
The Lazy Song,dance pop,175,77,2011
Bounce (feat. Kelis) - Radio Edit,dance pop,128,67,2011
Blind Faith,dancefloor dnb,140,66,2011
Champion (feat. Chris Brown),grime,190,54,2011
Look At Me Now (feat. Lil' Wayne & Busta Rhymes),dance pop,146,77,2011
Yeah 3x,dance pop,130,74,2011
Beautiful People,dance pop,128,59,2011
Jar of Hearts,dance pop,75,77,2011
You Make Me Feel... (feat. Sabi),dance pop,132,75,2011
Paradise,permanent wave,140,88,2011
Every Teardrop Is a Waterfall,permanent wave,118,75,2011
Where Them Girls At (feat. Nicki Minaj & Flo Rida),big room,130,69,2011
Who's That Chick? (feat. Rihanna),big room,128,66,2011
Coming Home,hip pop,168,74,2011
Louder,dancefloor dnb,140,40,2011
I'm On One,dance pop,149,75,2011
I Need A Doctor,g funk,156,77,2011
Headlines,canadian hip hop,152,80,2011
The A Team,pop,85,80,2011
Lego House,pop,160,77,2011
Stereo Love - Radio Edit,romanian house,127,71,2011
Tonight (I'm Fuckin' You),dance pop,126,65,2011
Springsteen,contemporary country,104,77,2011
Changed the Way You Kiss Me - Radio Edit,dance pop,127,69,2011
Rocketeer,asian american hip hop,96,73,2011
Shake It Out,baroque pop,107,68,2011
Pumped Up Kicks,indietronica,128,88,2011
Tongue Tied,indie pop,113,84,2011
Stereo Hearts (feat. Adam Levine),dance pop,90,87,2011
Tonight Tonight,dance pop,100,79,2011
Dirt Road Anthem,contemporary country,127,77,2011
It Girl,dance pop,92,76,2011
Don't Wanna Go Home,dance pop,122,68,2011
On The Floor,dance pop,130,84,2011
Down On Me,chicago rap,160,77,2011
Do It Like A Dude,dance pop,140,53,2011
All Of The Lights,chicago rap,142,82,2011
Last Friday Night (T.G.I.F.),dance pop,126,80,2011
Firework,dance pop,124,72,2011
E.T.,dance pop,152,71,2011
Motivation,alt hip hop,141,70,2011
Pretty Girl Rock,dance pop,160,72,2011
We R Who We R,dance pop,120,77,2011
Blow,dance pop,120,75,2011
Earthquake (feat. Tinie Tempah),indie poptimism,153,68,2011
Just A Kiss,contemporary country,143,69,2011
Born This Way,art pop,124,73,2011
The Edge Of Glory,art pop,128,68,2011
6 Foot 7 Foot,hip hop,79,77,2011
How To Love,hip hop,154,72,2011
Party Rock Anthem,dance pop,130,74,2011
Sexy And I Know It,dance pop,130,68,2011
The Show Goes On,chicago rap,143,76,2011
I Follow Rivers - The Magician Remix,art pop,122,67,2011
Midnight City,french shoegaze,105,76,2011
Donald Trump,hip hop,163,67,2011
Buzzin Remix,pop rap,104,53,2011
"Moves Like Jagger - Studio Recording From ""The Voice"" Performance",pop,128,75,2011
Sure Thing,dance pop,81,84,2011
When We Stand Together,alternative metal,188,71,2011
Super Bass,dance pop,127,83,2011
L.I.F.E.G.O.E.S.O.N.,indie folk,82,63,2011
Heart Skips a Beat (feat. Rizzle Kicks),dance pop,111,66,2011
Good Life,dance pop,95,78,2011
Raise Your Glass,dance pop,122,81,2011
"Give Me Everything (feat. Ne-Yo, Afrojack & Nayer)",dance pop,129,86,2011
Hey Baby (Drop It to the Floor) (feat. T-Pain),dance pop,128,76,2011
Read All About It,grime,101,35,2011
The Adventures of Rain Dance Maggie,alternative rock,106,71,2011
S&M,barbadian pop,128,82,2011
We Found Love,barbadian pop,128,80,2011
What's My Name?,barbadian pop,100,75,2011
Down With The Trumpets,uk hip hop,115,65,2011
Loca People - Radio Edit,electro house,128,45,2011
Love You Like A Love Song,dance pop,117,85,2011
Who Says,dance pop,101,81,2011
Sweat - Remix,g funk,130,73,2011
Save The World,dance pop,127,70,2011
Higher,dance pop,128,51,2011
If I Die Young,contemporary country,131,74,2011
Glad You Came,boy band,127,83,2011
More - RedOne Jimmy Joker Remix,alt hip hop,125,72,2011
No Hands (feat. Roscoe Dash & Wale),alt hip hop,131,81,2011
Black and Yellow,dance pop,164,80,2011
Roll Up,dance pop,125,68,2011
Skyfall,british soul,76,80,2012
Rumour Has It,british soul,120,72,2012
Years,dance pop,128,53,2012
Too Close,modern alternative rock,126,67,2012
Breezeblocks,indie rock,150,77,2012
R U Mine?,garage rock,97,39,2012
One Day / Reckoning Song (Wankelmut Remix) - Radio Edit,israeli pop,119,72,2012
Levels - Radio Edit,dance pop,126,82,2012
Silhouettes - Original Radio Edit,dance pop,128,68,2012
212,dance pop,126,73,2012
So Good,alt hip hop,86,70,2012
Locked out of Heaven,dance pop,144,91,2012
It Will Rain,dance pop,150,74,2012
Feel So Close - Radio Edit,dance pop,128,85,2012
Let's Go (feat. Ne-Yo),dance pop,128,71,2012
We'll Be Coming Back (feat. Example),dance pop,128,68,2012
Call Me Maybe,canadian pop,120,76,2012
Blown Away,contemporary country,137,68,2012
Want U Back,dance pop,98,71,2012
Turn Up the Music,dance pop,130,69,2012
Paradise,permanent wave,140,88,2012
Princess of China,permanent wave,85,72,2012
Turn Me On (feat. Nicki Minaj),big room,128,64,2012
In The Dark,dance pop,125,62,2012
Latch,edm,122,75,2012
Hot Right Now - Edit,dancefloor dnb,175,41,2012
Take Care,canadian hip hop,122,81,2012
The Motto,canadian hip hop,202,79,2012
Lights - Single Version,dance pop,120,68,2012
Good Feeling,dance pop,128,81,2012
Spectrum (Say My Name) - Calvin Harris Remix,baroque pop,126,59,2012
Lost,alternative r&b,123,91,2012
Thinkin Bout You,alternative r&b,130,81,2012
We Are Young (feat. Janelle Monáe),baroque pop,184,79,2012
Some Nights,baroque pop,108,76,2012
Somebody That I Used To Know,australian pop,129,81,2012
Oblivion,art pop,156,71,2012
Ass Back Home (feat. Neon Hitch),dance pop,130,67,2012
I Love It (feat. Charli XCX),candy pop,126,74,2012
It's Time,modern rock,105,72,2012
On Top Of The World,modern rock,100,72,2012
Ni**as In Paris,east coast hip hop,140,88,2012
Boyfriend,canadian pop,97,68,2012
Mercy,chicago rap,140,79,2012
Brokenhearted,dance pop,120,70,2012
The One That Got Away,dance pop,134,78,2012
Part Of Me,dance pop,130,78,2012
Swimming Pools (Drank) - Extended Version,conscious hip hop,74,76,2012
m.A.A.d city,conscious hip hop,91,73,2012
Die Young,dance pop,128,83,2012
C'Mon,dance pop,126,67,2012
Ride,art pop,94,64,2012
Video Games,art pop,122,63,2012
Born To Die,art pop,86,62,2012
BURN IT DOWN,alternative metal,110,79,2012
Sexy And I Know It,dance pop,130,68,2012
Battle Scars (with Guy Sebastian),chicago rap,168,74,2012
Primadonna,art pop,128,84,2012
How to Be a Heartbreaker,art pop,140,77,2012
One More Night,pop,93,74,2012
Payphone,pop,110,69,2012
Adorn,dance pop,179,72,2012
Madness,modern rock,180,72,2012
Everybody Talks,modern alternative rock,155,85,2012
Starships,dance pop,125,78,2012
Pound The Alarm,dance pop,125,69,2012
Dirty Paws,folk-pop,112,74,2012
Troublemaker (feat. Flo Rida),dance pop,106,80,2012
What Makes You Beautiful,boy band,125,88,2012
Live While We're Young,boy band,126,79,2012
Million Voices - Radio Edit,edm,126,75,2012
Good Time,indietronica,126,82,2012
Blow Me (One Last Kiss),dance pop,114,71,2012
Take a Walk,alternative dance,101,74,2012
"Gone, Gone, Gone",folk-pop,118,76,2012
Home,folk-pop,121,73,2012
Gangnam Style (강남스타일),k-pop,132,77,2012
We Found Love,barbadian pop,128,80,2012
Where Have You Been,barbadian pop,128,76,2012
R.I.P. (feat. Tinie Tempah),dance pop,72,52,2012
Mama Do The Hump,uk hip hop,98,61,2012
Candy,dance pop,116,73,2012
Feel the Love (feat. John Newman),dance pop,180,52,2012
Hands on the Wheel (feat. Asap Rocky),gangster rap,128,67,2012
Bangarang (feat. Sirah),brostep,110,75,2012
"Young, Wild & Free (feat. Bruno Mars)",g funk,95,82,2012
Don't You Worry Child - Radio Edit,dance pop,129,81,2012
I Knew You Were Trouble.,pop,77,82,2012
We Are Never Ever Getting Back Together,pop,86,80,2012
Ho Hey,folk-pop,80,77,2012
Chasing The Sun,boy band,128,74,2012
Angels,downtempo,92,68,2012
Drive By,dance pop,122,82,2012
50 Ways to Say Goodbye,dance pop,140,73,2012
Heart Attack,dance pop,150,61,2012
Rack City,dance pop,99,67,2012
Faded,dance pop,95,63,2012
Climax,alt hip hop,136,65,2012
Anna Sun,dance pop,140,68,2012
"Work Hard, Play Hard",dance pop,140,67,2012
We Own It (Fast & Furious),alt hip hop,172,75,2013
"F**kin' Problems (feat. Drake, 2 Chainz & Kendrick Lamar)",east coast hip hop,96,81,2013
Why'd You Only Call Me When You're High?,garage rock,92,90,2013
Do I Wanna Know?,garage rock,85,89,2013
The Way,dance pop,82,71,2013
Wake Me Up,dance pop,124,89,2013
I Could Be The One (Avicii Vs. Nicky Romero) - Radio Edit,dance pop,128,73,2013
Here's to Never Growing Up,canadian pop,165,75,2013
Sail,la indie,119,80,2013
Harlem Shake,bass trap,138,63,2013
Pompeii,metropopolis,127,80,2013
Of The Night,metropopolis,125,66,2013
Get Up (Rattle),big room,128,61,2013
Sure Be Cool If You Did,contemporary country,137,61,2013
Ready or Not,dance pop,93,77,2013
Work Bitch,dance pop,128,76,2013
Locked out of Heaven,dance pop,144,91,2013
When I Was Your Man,dance pop,73,89,2013
Treasure,dance pop,116,83,2013
Sweet Nothing (feat. Florence Welch),dance pop,128,76,2013
I Need Your Love (feat. Ellie Goulding),dance pop,125,75,2013
Thinking About You (feat. Ayah Marar),dance pop,128,71,2013
Drinking from the Bottle (feat. Tinie Tempah),dance pop,128,67,2013
Safe And Sound,metropopolis,118,87,2013
3005,alt hip hop,166,83,2013
Fine China,dance pop,104,66,2013
The Mother We Share,electropop,174,61,2013
Body Party,dance pop,134,70,2013
Get Lucky (feat. Pharrell Williams & Nile Rodgers) - Radio Edit,electro,116,88,2013
Lose Yourself to Dance (feat. Pharrell Williams),electro,100,74,2013
Play Hard (feat. Ne-Yo & Akon),big room,130,65,2013
Heart Attack,dance pop,174,85,2013
White Noise,edm,120,54,2013
"Hold On, We're Going Home",canadian hip hop,100,76,2013
Started From the Bottom,canadian hip hop,86,71,2013
Need U (100%) (feat. A*M*E) - Radio Edit,destroy techno,124,65,2013
The Monster,detroit hip hop,110,81,2013
Berzerk,detroit hip hop,95,72,2013
My Songs Know What You Did In The Dark (Light Em Up),emo,152,77,2013
I Cry,dance pop,126,69,2013
Cruise,contemporary country,148,63,2013
I Love It (feat. Charli XCX),candy pop,126,74,2013
Demons,modern rock,90,78,2013
Radioactive,modern rock,136,77,2013
Power Trip (feat. Miguel),conscious hip hop,100,81,2013
Talk Dirty (feat. 2 Chainz),dance pop,100,71,2013
The Other Side,dance pop,128,66,2013
Holy Grail,east coast hip hop,145,68,2013
Love Me Again,dance pop,126,69,2013
Beauty And A Beat,canadian pop,128,78,2013
Mirrors,dance pop,77,83,2013
Suit & Tie (feat. Jay-Z),dance pop,102,72,2013
Black Skinhead,chicago rap,130,80,2013
This Is How We Do,dance pop,96,66,2013
Sonnentanz - Sun Don't Shine,austrian pop,120,56,2013
All I Want,irish pop,187,86,2013
High Hopes,irish pop,77,73,2013
Summertime Sadness (Lana Del Rey Vs. Cedric Gervais) - Cedric Gervais Remix,art pop,126,78,2013
Love Me,hip hop,125,73,2013
Somewhere Only We Know,dance pop,81,56,2013
Royals,art pop,85,83,2013
Team,art pop,100,82,2013
Can't Hold Us (feat. Ray Dalton),dance pop,146,87,2013
Thrift Shop (feat. Wanz),dance pop,95,79,2013
Same Love (feat. Mary Lambert),dance pop,85,69,2013
Daylight,pop,120,66,2013
Animals - Radio Edit,dance pop,128,64,2013
It's a Beautiful Day,adult standards,144,71,2013
We Can't Stop,dance pop,80,83,2013
I Will Wait,modern folk rock,131,73,2013
La La La,tropical house,125,63,2013
Hey Porsche,dance pop,116,49,2013
Little Talks,folk-pop,103,85,2013
Best Song Ever,boy band,118,81,2013
One Way or Another (Teenage Kicks),boy band,162,71,2013
True Love (feat. Lily Allen),dance pop,192,76,2013
Still into You,candy pop,136,85,2013
Ain't It Fun,candy pop,104,78,2013
Home,folk-pop,121,73,2013
Feel This Moment (feat. Christina Aguilera),dance pop,136,82,2013
Don't Stop the Party (feat. TJR),dance pop,127,69,2013
Blurred Lines,contemporary r&b,120,61,2013
Waiting All Night (feat. Ella Eyre),dance pop,175,50,2013
Reload - Radio Edit,dance pop,128,73,2013
Come & Get It,dance pop,80,75,2013
Look Right Through - MK Vocal Edit,deep disco house,120,44,2013
Papaoutai,belgian pop,116,60,2013
I Knew You Were Trouble.,pop,77,82,2013
22,pop,104,74,2013
Everything Has Changed,pop,80,71,2013
Chocolate,modern alternative rock,100,66,2013
Ho Hey,folk-pop,80,77,2013
Sweater Weather,modern alternative rock,124,95,2013
What About Us,bubblegum dance,124,67,2013
Another Love,chill pop,123,94,2013
Bad (feat. Rihanna) - Remix,gangster rap,114,67,2013
Scream & Shout,dance pop,130,83,2013
#thatPOWER,dance pop,128,74,2013
The Fox (What Does the Fox Say?),comic,128,68,2013
Clarity,complextro,128,80,2013
She Looks So Perfect,boy band,160,78,2014
Amnesia,boy band,102,71,2014
Heroes (we could be),dance pop,126,58,2014
The Man,pop soul,82,63,2014
Best Day Of My Life,indie poptimism,100,83,2014
Love Me Harder,dance pop,99,80,2014
Problem,dance pop,103,78,2014
Break Free,dance pop,130,80,2014
Hey Brother,dance pop,125,82,2014
Shower,dance pop,120,83,2014
Drunk in Love (feat. Jay-Z),dance pop,140,75,2014
Hot N*gga,nyc rap,168,78,2014
Summer,dance pop,128,86,2014
Blame (feat. John Newman),dance pop,128,81,2014
Under Control (feat. Hurts),dance pop,126,77,2014
Boom Clap,art pop,92,54,2014
Loyal (feat. Lil Wayne & Tyga),dance pop,99,78,2014
New Flame (feat. Usher & Rick Ross),dance pop,142,73,2014
Rather Be (feat. Jess Glynne),dance pop,121,77,2014
First,alternative rock,78,71,2014
Magic,permanent wave,93,78,2014
A Sky Full of Stars,permanent wave,125,85,2014
Bad (feat. Vassy) - Radio Edit,big room,128,56,2014
Lovers on the Sun (feat. Sam Martin),big room,125,53,2014
Latch,edm,122,75,2014
Turn Down for What,dance pop,100,76,2014
You Know You Like It,dance pop,196,75,2014
I Got U,destroy techno,121,65,2014
Cool Kids,dance pop,130,76,2014
Don't,pop,95,78,2014
Sing,pop,120,75,2014
Ugly Heart,dance pop,125,70,2014
Budapest,folk-pop,128,83,2014
Blame It on Me,folk-pop,104,73,2014
Ready For Your Love,deep groove house,122,51,2014
Fancy,australian hip hop,95,74,2014
Black Widow,australian hip hop,164,71,2014
Talk Dirty (feat. 2 Chainz),dance pop,100,71,2014
Wiggle (feat. Snoop Dogg),dance pop,82,63,2014
Trumpets,dance pop,82,69,2014
Don't Tell 'Em,chicago rap,98,80,2014
Bang Bang,dance pop,150,83,2014
All of Me,neo soul,120,90,2014
Not a Bad Thing,dance pop,86,61,2014
Dark Horse,dance pop,132,79,2014
Show Me (feat. Chris Brown),dance pop,98,74,2014
Hideaway,electropop,123,70,2014
Jubel - Radio Edit,deep house,125,55,2014
Jealous,indie poptimism,117,82,2014
Prayer in C - Robin Schulz Radio Edit,french indie pop,123,77,2014
Team,art pop,100,82,2014
Rude,reggae fusion,144,85,2014
Maps,pop,120,87,2014
Animals,pop,190,85,2014
Sugar,pop,120,85,2014
All About That Bass,dance pop,134,78,2014
Stolen Dance,german pop,114,78,2014
Classic,dance pop,102,87,2014
Waves - Robin Schulz Radio Edit,dutch hip hop,120,82,2014
Somebody,chicago rap,105,71,2014
Jealous - Remix,dance pop,93,71,2014
Anaconda,dance pop,130,70,2014
Am I Wrong,pop rap,120,82,2014
CoCo,pop rap,120,66,2014
Gecko (Overdrive) - Radio Edit,dance pop,125,73,2014
Wrapped Up,dance pop,122,68,2014
Post to Be (feat. Chris Brown & Jhene Aiko),dance pop,97,60,2014
Night Changes,boy band,120,88,2014
Steal My Girl,boy band,77,84,2014
Counting Stars,dance pop,122,80,2014
Love Runs Out,dance pop,120,65,2014
Only Love Can Hurt Like This,british soul,91,85,2014
Ain't It Fun,candy pop,104,78,2014
High (feat. Nicole Millar),aussietronica,100,54,2014
"Happy - From ""Despicable Me 2""",pop rap,160,85,2014
Timber (feat. Ke$ha),dance pop,130,86,2014
Me And My Broken Heart,pop,174,83,2014
My Love (feat. Jess Glynne),deep groove house,120,78,2014
Stay With Me,dance pop,84,86,2014
Money On My Mind,dance pop,134,67,2014
Collard Greens,gangster rap,154,84,2014
Man Of The Year,gangster rap,112,76,2014
Geronimo,australian indie,142,69,2014
Chandelier,australian dance,117,73,2014
Elastic Heart,australian dance,130,68,2014
Nobody To Love,dance pop,88,55,2014
Style,pop,95,66,2014
Bad Blood,pop,170,60,2014
Shake It Off,pop,160,77,2014
#SELFIE,dance pop,128,69,2014
Superheroes,celtic rock,167,79,2014
Wasted,big room,112,68,2014
Red Lights,big room,125,72,2014
2 On (feat. ScHoolboy Q),alternative r&b,101,77,2014
Habits (Stay High),art pop,110,78,2014
Talking Body,art pop,120,72,2014
Na Na,dance pop,97,68,2014
Riptide,folk-pop,102,83,2014
Stay The Night - Featuring Hayley Williams Of Paramore,complextro,128,69,2014
Faded,edm,125,66,2014
Ghost Town,dance pop,120,69,2015
Here,canadian contemporary r&b,120,71,2015
"Honey, I'm Good.",dance pop,122,78,2015
Love Me Harder,dance pop,99,79,2015
The Nights,dance pop,126,89,2015
Waiting For Love,dance pop,128,84,2015
7/11,dance pop,136,74,2015
I Don't Fuck With You,detroit hip hop,98,80,2015
Electric Love,modern rock,120,86,2015
Don't,kentucky hip hop,97,83,2015
Outside (feat. Ellie Goulding),dance pop,128,82,2015
How Deep Is Your Love,dance pop,122,80,2015
Ayo,dance pop,98,76,2015
Cool for the Summer,dance pop,114,78,2015
Confident,dance pop,130,69,2015
Five More Hours,dance pop,128,74,2015
Omen - Radio Edit,edm,106,68,2015
You Know You Like It,dance pop,196,74,2015
Hotline Bling,canadian hip hop,135,82,2015
Jumpman,canadian hip hop,142,76,2015
Thinking out Loud,pop,79,86,2015
"Love Me Like You Do - From ""Fifty Shades Of Grey""",dance pop,190,83,2015
On My Mind,dance pop,155,69,2015
Centuries,emo,176,84,2015
679 (feat. Remy Boyz),new jersey rap,190,79,2015
Trap Queen,new jersey rap,148,78,2015
My Way (feat. Monty),new jersey rap,128,71,2015
My House,dance pop,94,81,2015
GDFR (feat. Sage the Gemini & Lookas),dance pop,146,75,2015
Mountain at My Gates,indie rock,104,69,2015
Runaway (U & I),dance pop,126,79,2015
Barcelona,folk-pop,94,70,2015
Love Myself,dance pop,123,75,2015
Take Me to Church,irish singer-songwriter,129,80,2015
Where Are Ü Now (with Justin Bieber),edm,139,78,2015
oui,chicago rap,79,82,2015
Classic Man (feat. Roman GianArthur),ghanaian hip hop,94,63,2015
What Do You Mean?,canadian pop,125,81,2015
Way down We Go,icelandic indie,163,81,2015
King Kunta,conscious hip hop,107,79,2015
Stole the Show,edm,100,78,2015
Nothing Left (feat. Will Heard),edm,154,59,2015
High By The Beach,art pop,132,71,2015
Hurt Me,electropop,138,55,2015
Closer,alternative dance,92,64,2015
Lot to Learn,indie pop rap,82,66,2015
Lean On,dance pop,98,76,2015
Light It Up - Remix,dance pop,108,71,2015
Uptown Funk (feat. Bruno Mars),dance pop,115,86,2015
Intoxicated - Radio Edit,dance pop,125,62,2015
All Eyes on You (feat. Chris Brown & Nicki Minaj),hip hop,78,73,2015
Believe,modern folk rock,114,61,2015
Somebody,chicago rap,105,69,2015
That's How You Know (feat. Kid Ink & Bebe Rexha),pop rap,104,62,2015
Drive,electropop,142,65,2015
Post to Be (feat. Chris Brown & Jhene Aiko),dance pop,97,76,2015
Drag Me Down,boy band,138,84,2015
Perfect,boy band,100,81,2015
Sunset Lover,new french touch,91,75,2015
Wish You Were Mine - Radio Edit,deep groove house,123,70,2015
Time of Our Lives,dance pop,124,85,2015
No Type,hip hop,125,77,2015
"Flex (Ooh, Ooh, Ooh)",alt hip hop,82,70,2015
FourFiveSeconds,barbadian pop,206,82,2015
Bitch Better Have My Money,barbadian pop,103,78,2015
Chill Bill (feat. J. Davi$ & Spooks),san diego rap,108,81,2015
Sugar (feat. Francesco Yates),dance pop,123,81,2015
Lay It All on Me (feat. Ed Sheeran),dance pop,123,55,2015
Like I Can,dance pop,100,85,2015
You Don't Own Me (feat. G-Eazy),dance pop,186,60,2015
Same Old Love,dance pop,98,70,2015
Hands To Myself,dance pop,111,68,2015
Good For You,dance pop,89,62,2015
Geronimo,australian indie,142,68,2015
Easy Love,dance pop,124,70,2015
All My Friends (feat. Tinashe & Chance the Rapper),edm,95,77,2015
The Less I Know The Better,australian psych,117,88,2015
Blank Space,pop,96,79,2015
Wildest Dreams,pop,140,76,2015
Bad Blood,pop,170,75,2015
Style,pop,95,75,2015
Spirits,canadian indie,81,75,2015
The Hills,canadian contemporary r&b,113,88,2015
Can't Feel My Face,canadian contemporary r&b,108,83,2015
"Earned It (Fifty Shades Of Grey) - From The ""Fifty Shades Of Grey"" Soundtrack",canadian contemporary r&b,120,81,2015
In The Night,canadian contemporary r&b,168,76,2015
Die A Happy Man,contemporary country,166,77,2015
Talking Body,art pop,120,71,2015
Antidote,hip hop,131,78,2015
Slow Motion,dance pop,95,75,2015
Na Na,dance pop,97,67,2015
YOUTH,australian pop,92,70,2015
Stressed Out,modern rock,170,88,2015
I Don't Mind (feat. Juicy J),alt hip hop,113,73,2015
Shut Up and Dance,dance pop,128,86,2015
See You Again (feat. Charlie Puth),dance pop,80,85,2015
Renegades,modern alternative rock,90,80,2015
Unsteady,modern alternative rock,117,78,2015
King,dance pop,120,66,2015
I Want You To Know,complextro,130,70,2015
When We Were Young,british soul,144,79,2016
Send My Love (To Your New Lover),british soul,164,77,2016
Hello,british soul,79,77,2016
Here,canadian contemporary r&b,120,71,2016
Alarm,dance pop,147,62,2016
Into You,dance pop,108,73,2016
Side To Side,dance pop,159,72,2016
Dangerous Woman,dance pop,134,72,2016
Hurts So Good,alt z,120,77,2016
Good Grief,metropopolis,120,70,2016
Sorry,dance pop,130,72,2016
Don't,kentucky hip hop,97,83,2016
Exchange,kentucky hip hop,160,81,2016
Dancing On My Own,neo mellow,113,84,2016
This Is What You Came For (feat. Rihanna),dance pop,124,84,2016
My Way,dance pop,120,78,2016
We Don't Talk Anymore (feat. Selena Gomez),dance pop,100,73,2016
One Call Away,dance pop,91,70,2016
Dangerously,dance pop,112,58,2016
Sex,dance pop,102,66,2016
Back To Sleep,dance pop,93,65,2016
Tears (feat. Louisa Johnson),dance pop,130,65,2016
Hymn for the Weekend,permanent wave,90,86,2016
Adventure of a Lifetime,permanent wave,112,79,2016
This One's for You (feat. Zara Larsson) (Official Song UEFA EURO 2016),big room,110,72,2016
"Sit Still, Look Pretty",alt z,182,76,2016
Hide Away,alt z,95,72,2016
Let Me Love You,dance pop,100,86,2016
Middle,dance pop,105,79,2016
Cake By The Ocean,dance pop,119,84,2016
Too Good,canadian hip hop,118,78,2016
Hotter Than Hell,dance pop,110,70,2016
DUELE EL CORAZON (feat. Wisin),dance pop,91,72,2016
Work from Home (feat. Ty Dolla $ign),dance pop,105,81,2016
All In My Head (Flex) (feat. Fetty Wap),dance pop,95,67,2016
My House,dance pop,94,81,2016
Say It (feat. Tove Lo),australian dance,75,64,2016
Pink + White,alternative r&b,160,84,2016
Low Life (feat. The Weeknd),alt hip hop,144,78,2016
No Money,dance pop,126,72,2016
"i hate u, i love u (feat. olivia o'brien)",electropop,93,82,2016
"Me, Myself & I",indie pop rap,112,82,2016
Starving,dance pop,100,81,2016
Can I Be Him,pop,108,80,2016
When You Love Someone,neo mellow,126,79,2016
Love Me Now,neo soul,123,59,2016
Perfect Strangers,dance pop,118,80,2016
Fast Car,dance pop,114,77,2016
Love Yourself,canadian pop,100,87,2016
Sorry,canadian pop,100,85,2016
"CAN'T STOP THE FEELING! (from DreamWorks Animation's ""TROLLS"")",dance pop,113,77,2016
Gold,alt z,113,64,2016
Stole the Show,edm,100,78,2016
Stay (feat. Maty Noyes),edm,103,65,2016
"Sucker for Pain (with Wiz Khalifa, Imagine Dragons, Logic & Ty Dolla $ign feat. X Ambassadors)",hip hop,169,80,2016
Shout Out to My Ex,dance pop,126,81,2016
7 Years,danish pop,120,83,2016
Alaska,indie pop,104,70,2016
Cold Water,dance pop,93,72,2016
You & Me,pop,84,69,2016
Alone,brostep,142,76,2016
In the Name of Love,dance pop,134,81,2016
NO,dance pop,92,75,2016
The Ocean (feat. Shy Martin),dance pop,90,75,2016
I Took A Pill In Ibiza - Seeb Remix,dance pop,102,81,2016
Final Song,art pop,105,70,2016
This Town,dance pop,112,64,2016
Close,dance pop,124,74,2016
History,alt z,101,64,2016
History,boy band,87,77,2016
Wherever I Go,dance pop,100,68,2016
"Just Like Fire (From the Original Motion Picture ""Alice Through The Looking Glass"")",dance pop,163,73,2016
Not Nice,pop,128,67,2016
Needed Me,barbadian pop,111,84,2016
Work,barbadian pop,92,80,2016
Lost Boy,alt z,124,77,2016
You Don't Own Me (feat. G-Eazy),dance pop,186,74,2016
Same Old Love,dance pop,98,70,2016
Hands To Myself,dance pop,111,68,2016
Treat You Better,canadian pop,83,86,2016
I Know What You Did Last Summer,canadian pop,114,77,2016
The Greatest (feat. Kendrick Lamar),australian dance,192,73,2016
Cheap Thrills (feat. Sean Paul),australian dance,90,73,2016
Sweet Lovin' - Radio Edit,dance pop,125,69,2016
All My Friends (feat. Tinashe & Chance the Rapper),edm,95,77,2016
Just Hold On,dance pop,115,61,2016
Somebody Else,modern alternative rock,101,76,2016
The Sound,modern alternative rock,121,63,2016
Closer,dance pop,95,88,2016
Don't Let Me Down,dance pop,160,83,2016
Roses,dance pop,100,78,2016
Ophelia,folk-pop,76,79,2016
Starboy,canadian contemporary r&b,186,88,2016
Once In a While,dance pop,105,65,2016
Girls Like (feat. Zara Larsson),dance pop,120,67,2016
Cool Girl,art pop,102,69,2016
Renegades,modern alternative rock,90,80,2016
Unsteady,modern alternative rock,117,78,2016
Never Forget You,dance pop,146,78,2016
PILLOWTALK,dance pop,125,82,2016
It's A Vibe,alt hip hop,73,77,2017
Bank Account,alt hip hop,75,82,2017
Drowning (feat. Kodak Black),melodic rap,129,79,2017
Plain Jane,gangster rap,170,79,2017
Weak,modern rock,124,71,2017
Caroline,hip hop,120,80,2017
More Than You Know,dance pop,123,83,2017
Rolex,social media pop,145,73,2017
Bounce Back,detroit hip hop,82,76,2017
Man's Not Hot,london rap,135,67,2017
Bored,art pop,120,88,2017
do re mi,electropop,111,77,2017
That's What I Like,dance pop,134,86,2017
24K Magic,dance pop,107,82,2017
"Feels (feat. Pharrell Williams, Katy Perry & Big Sean)",dance pop,101,81,2017
Slide (feat. Frank Ocean & Migos),dance pop,104,77,2017
Havana (feat. Young Thug),dance pop,105,84,2017
Bodak Yellow,dance pop,125,77,2017
No Promises (feat. Demi Lovato),dance pop,113,66,2017
Redbone,alt hip hop,160,87,2017
Rockabye (feat. Sean Paul & Anne-Marie),dance pop,102,80,2017
Sorry Not Sorry,dance pop,144,81,2017
"I'm the One (feat. Justin Bieber, Quavo, Chance the Rapper & Lil Wayne)",dance pop,81,70,2017
Wild Thoughts (feat. Rihanna & Bryson Tiller),dance pop,98,70,2017
Passionfruit,canadian hip hop,112,86,2017
Fake Love,canadian hip hop,134,78,2017
Perfect,pop,95,89,2017
Shape of You,pop,96,89,2017
Sit Next to Me,indietronica,97,75,2017
Unforgettable,gangster rap,98,86,2017
Mask Off,alt hip hop,150,84,2017
Him & I (with Halsey),indie pop rap,88,80,2017
No Limit,indie pop rap,176,76,2017
Most Girls,dance pop,103,77,2017
Now Or Never,dance pop,110,71,2017
NUMB,aussietronica,148,64,2017
Believer,modern rock,125,91,2017
Thunder,modern rock,168,87,2017
Whatever It Takes,modern rock,135,84,2017
HUMBLE.,conscious hip hop,150,87,2017
LOVE. FEAT. ZACARI.,conscious hip hop,126,85,2017
DNA.,conscious hip hop,140,83,2017
ELEMENT.,conscious hip hop,190,76,2017
Young Dumb & Broke,pop,137,84,2017
Location,pop,80,83,2017
Tunnel Vision,florida rap,172,78,2017
iSpy (feat. Lil Yachty),pop,75,76,2017
Lust For Life (with The Weeknd),art pop,100,73,2017
Strip That Down (feat. Quavo),dance pop,106,75,2017
Save That Shit,emo rap,106,82,2017
Gucci Gang,emo rap,120,69,2017
XO Tour Llif3,melodic rap,155,86,2017
Touch (feat. Kid Ink),dance pop,102,59,2017
1-800-273-8255,conscious hip hop,100,82,2017
Liability,art pop,76,79,2017
Green Light,art pop,129,78,2017
"Homemade Dynamite (Feat. Khalid, Post Malone & SZA) - REMIX",art pop,107,71,2017
broken,indie poptimism,123,76,2017
Despacito,latin,178,83,2017
Bad Things (with Camila Cabello),ohio hip hop,138,76,2017
Glorious (feat. Skylar Grey),pop rap,140,78,2017
Cold (feat. Future),pop,100,68,2017
Don't Wanna Know (feat. Kendrick Lamar),pop,100,66,2017
Little Dark Age,alternative dance,98,85,2017
Bad and Boujee (feat. Lil Uzi Vert),alt hip hop,127,78,2017
Slippery (feat. Gucci Mane),alt hip hop,142,74,2017
T-Shirt,alt hip hop,139,71,2017
Sky Walker (feat. Travis Scott),dance pop,146,78,2017
Malibu,dance pop,140,77,2017
Nights With You,art pop,120,61,2017
Slow Hands,dance pop,86,79,2017
Magnolia,alt hip hop,163,82,2017
Chameleon,alternative dance,120,48,2017
Feel It Still,indie rock,79,81,2017
Congratulations,dfw rap,123,85,2017
I Fall Apart,dfw rap,144,83,2017
Swang,hip hop,140,80,2017
Black Bealtes,hip hop,146,80,2017
Chill Bill (feat. J. Davi$ & Spooks),san diego rap,108,81,2017
Losin Control,hawaiian hip hop,97,79,2017
Too Good At Goodbyes,dance pop,92,77,2017
No Lie,dance pop,102,89,2017
Fetish (feat. Gucci Mane),dance pop,123,74,2017
Broccoli,alternative r&b,146,64,2017
Don't Leave,edm,122,68,2017
Love Galore (feat. Travis Scott),pop,135,81,2017
Look What You Made Me Do,pop,128,81,2017
...Ready For It?,pop,160,78,2017
Something Just Like This,dance pop,103,87,2017
Paris,dance pop,100,77,2017
All Night,boy band,145,78,2017
Middle Of The Night,boy band,130,65,2017
I Feel It Coming,canadian contemporary r&b,93,82,2017
goosebumps,hip hop,130,88,2017
BUTTERFLY EFFECT,hip hop,141,81,2017
Jocelyn Flores,emo rap,134,89,2017
Rake It Up (feat. Nicki Minaj),dirty south rap,150,73,2017
I Would Like,dance pop,121,62,2017
Juju on That Beat (TZ Anthem),hip hop,161,62,2017
Stay,complextro,102,80,2017
Youngblood,boy band,120,74,2018
FEFE,emo rap,126,75,2018
GUMMO,emo rap,157,67,2018
God is a woman,dance pop,145,83,2018
no tears left to cry,dance pop,122,82,2018
Jumanji,afroswing,96,65,2018
Answerphone (feat. Yxng Bane),basshall,113,60,2018
Mine,dance pop,143,80,2018
Eastside (with Halsey & Khalid),electropop,89,80,2018
lovely (with Khalid),art pop,115,91,2018
Look Alive (feat. Drake),memphis hip hop,140,78,2018
Finesse - Remix; feat. Cardi B,dance pop,105,78,2018
One Kiss (with Dua Lipa),dance pop,124,86,2018
Never Be the Same,dance pop,130,79,2018
I Like It,dance pop,136,83,2018
Bodak Yellow,dance pop,125,77,2018
Be Careful,dance pop,152,72,2018
Miss You (with Major Lazer & Tory Lanez),dance pop,100,61,2018
How Long,dance pop,110,77,2018
Done for Me (feat. Kehlani),dance pop,112,72,2018
The Way I Am,dance pop,115,68,2018
This Is America,alt hip hop,120,75,2018
Tequila,contemporary country,86,75,2018
Nevermind,israeli pop,100,79,2018
No Brainer,dance pop,136,71,2018
God's Plan,canadian hip hop,77,86,2018
Nonstop,canadian hip hop,155,82,2018
Nice For What,canadian hip hop,93,81,2018
In My Feelings,canadian hip hop,91,80,2018
I'm Upset,canadian hip hop,150,73,2018
IDGAF,dance pop,97,83,2018
In My Mind,edm,126,83,2018
Trip,dance pop,80,77,2018
Boo'd Up,dance pop,82,73,2018
River (feat. Ed Sheeran),detroit hip hop,90,77,2018
German,afroswing,103,71,2018
Let's Fall in Love for the Night,alt z,128,77,2018
Simple,contemporary country,200,75,2018
Him & I (with Halsey),indie pop rap,88,80,2018
Shotgun,folk-pop,116,81,2018
Paradise,folk-pop,138,73,2018
we fell in love in october,bedroom pop,130,88,2018
"Let Me Go (with Alesso, Florida Georgia Line & watt)",dance pop,103,81,2018
Bad At Love,dance pop,118,77,2018
The Greatest Show,hollywood,158,77,2018
Natural,modern rock,100,85,2018
Make Me Feel,afrofuturism,115,68,2018
You Make It Easy,contemporary country,132,74,2018
"King's Dead (with Kendrick Lamar, Future & James Blake)",conscious hip hop,137,76,2018
Rise,dance pop,106,74,2018
Lucid Dreams,chicago rap,84,89,2018
LOVE. FEAT. ZACARI.,conscious hip hop,126,85,2018
All The Stars (with SZA),conscious hip hop,97,85,2018
Love Lies (with Normani),pop,144,78,2018
1950,alt z,72,77,2018
I Like Me Better,dance pop,92,86,2018
Yes Indeed,alt hip hop,120,84,2018
Freaky Friday (feat. Chris Brown),comedy rap,133,74,2018
Everyday,conscious hip hop,150,74,2018
Body,dance pop,122,77,2018
Bad Vibe,afroswing,110,58,2018
"Home (with Machine Gun Kelly, X Ambassadors & Bebe Rexha)",ohio hip hop,82,77,2018
Corazón (feat. Nego do Borel),latin,198,74,2018
Wait,pop,126,64,2018
Happier,brostep,100,86,2018
Silence,brostep,142,84,2018
FRIENDS,brostep,95,83,2018
Spotlight,brostep,150,76,2018
Walk It Talk It,alt hip hop,146,79,2018
MotorSport,alt hip hop,138,77,2018
Stir Fry,alt hip hop,182,75,2018
17,dance pop,122,69,2018
Let You Down,hip hop,148,84,2018
Te Boté - Remix,latin,97,81,2018
Ric Flair Drip (with Metro Boomin),alt hip hop,100,85,2018
Vaina Loca,latin,94,77,2018
Déjala Que Vuelva (feat. Manuel Turizo),colombian pop,170,76,2018
rockstar (feat. 21 Savage),dfw rap,160,87,2018
Better Now,dfw rap,145,84,2018
Psycho (feat. Ty Dolla $ign),dfw rap,140,82,2018
Powerglide (feat. Juicy J) - From SR3MM,hip hop,174,71,2018
Plug Walk,alt hip hop,95,77,2018
Mo Bamba,rap,146,81,2018
Strangers,dance pop,115,64,2018
Delicate,pop,95,81,2018
It's Not Living (If It's Not With You),modern alternative rock,121,75,2018
This Feeling,dance pop,105,78,2018
Sick Boy,dance pop,90,74,2018
Call Out My Name,canadian contemporary r&b,134,85,2018
Pray For Me (with Kendrick Lamar),canadian contemporary r&b,101,74,2018
Jackie Chan,big room,128,76,2018
SICKO MODE,hip hop,155,86,2018
Taste (feat. Offset),dance pop,98,78,2018
Saturday Sun,folk-pop,100,75,2018
SAD!,emo rap,75,88,2018
Moonlight,emo rap,128,87,2018
changes,emo rap,65,84,2018
If You're Over Me,dance pop,104,60,2018
"BIG BANK (feat. 2 Chainz, Big Sean, Nicki Minaj)",cali rap,204,73,2018
The Middle,complextro,107,84,2018
a lot,alt hip hop,146,83,2019
Easier,boy band,176,74,2019
Swervin (feat. 6ix9ine),melodic rap,93,80,2019
Look Back at It,melodic rap,96,78,2019
Ladbroke Grove,grime,134,73,2019
China,latin,105,80,2019
Secreto,latin,92,79,2019
7 rings,dance pop,140,88,2019
"thank u, next",dance pop,107,85,2019
"break up with your girlfriend, i'm bored",dance pop,170,81,2019
boyfriend (with Social House),dance pop,190,81,2019
On A Roll,pop,125,62,2019
Callaita,latin,176,86,2019
MIA (feat. Drake),latin,97,82,2019
lovely (with Khalid),art pop,115,91,2019
bad guy,art pop,135,88,2019
when the party's over,art pop,83,85,2019
bury a friend,art pop,120,80,2019
Kill This Love,k-pop,132,79,2019
The Git Up,black americana,98,74,2019
Thotiana,cali rap,104,71,2019
Boy With Luv (feat. Halsey),k-pop,120,86,2019
Please Me,dance pop,134,79,2019
Money,dance pop,130,78,2019
Suge,north carolina hip hop,75,77,2019
Location (feat. Burna Boy),uk hip hop,110,81,2019
Juicy,dance pop,170,62,2019
3 Nights,alternative pop rock,152,84,2019
Money In The Grave (Drake ft. Rick Ross),canadian hip hop,101,82,2019
Don't Start Now,dance pop,124,84,2019
Take Me Back to London (feat. Stormzy),pop,138,71,2019
Cross Me (feat. Chance the Rapper & PnB Rock),pop,95,69,2019
Antisocial (with Travis Scott),pop,152,68,2019
Leave Me Alone,melodic rap,150,75,2019
Lost in the Fire (feat. The Weeknd),dark clubbing,101,89,2019
Without Me,dance pop,136,82,2019
emotions,melodic rap,81,77,2019
gone girl,melodic rap,95,75,2019
MIDDLE CHILD,conscious hip hop,124,85,2019
All Day And Night,dance pop,122,64,2019
Sorry,dance pop,125,68,2019
Sucker,boy band,138,84,2019
Only Human,boy band,94,76,2019
Robbery,chicago rap,80,84,2019
Good as You,black americana,154,70,2019
Nights Like This (feat. Ty Dolla $ign),dance pop,146,80,2019
Better,pop,98,81,2019
Talk (feat. Disclosure),pop,136,76,2019
ZEZE (feat. Travis Scott & Offset),florida rap,98,82,2019
Shallow,art pop,96,87,2019
Doin' Time,art pop,145,83,2019
i'm so tired...,dance pop,102,81,2019
Someone You Loved,pop,110,89,2019
Grace,pop,104,72,2019
Old Town Road - Remix,lgbtq+ hip hop,136,83,2019
Old Town Road,lgbtq+ hip hop,136,80,2019
Panini,lgbtq+ hip hop,154,76,2019
Ransom,melodic rap,180,83,2019
Truth Hurts,dance pop,158,80,2019
Good as Hell,dance pop,96,77,2019
Soltera - Remix,latin,92,74,2019
Light On,indie pop,102,72,2019
Nothing Breaks Like a Heart (feat. Miley Cyrus),dance pop,114,84,2019
Here With Me,brostep,100,77,2019
One Thing Right,brostep,88,77,2019
Piece Of Your Heart,edm,124,81,2019
Going Bad (feat. Drake),hip hop,86,83,2019
Hot Girl Summer (feat. Nicki Minaj & Ty Dolla $ign),dance pop,99,73,2019
Slide Away,dance pop,148,74,2019
Pure Water (with Migos),cali rap,202,80,2019
Shotta Flow (feat. Blueface) [Remix],memphis hip hop,120,74,2019
Motivation,dance pop,171,76,2019
Options,afro dancehall,102,62,2019
Clout (feat. Cardi B),alt hip hop,140,73,2019
High Hopes,modern rock,82,85,2019
Adan y Eva,argentine hip hop,172,76,2019
Pop Out (feat. Lil Tjay),chicago rap,168,83,2019
Circles,dfw rap,120,89,2019
Better Now,dfw rap,145,84,2019
Sunflower - Spider-Man: Into the Spider-Verse,dfw rap,90,84,2019
Wow.,dfw rap,100,83,2019
Goodbyes (feat. Young Thug),dfw rap,150,82,2019
Bohemian Rhapsody - Remastered 2011,classic rock,144,77,2019
Ride It,dance pop,118,85,2019
Keisha & Becky - Remix,uk drill,141,73,2019
Post Malone (feat. RANI),dance pop,107,74,2019
My Type,cali rap,105,76,2019
Otro Trago,latin,176,76,2019
Señorita,canadian pop,117,83,2019
If I Can't Have You,canadian pop,124,78,2019
Don’t Feel Like Crying,dance pop,120,56,2019
Vossi Bop,grime,188,69,2019
Lover,pop,69,86,2019
Cruel Summer,pop,170,82,2019
You Need To Calm Down,pop,85,81,2019
SICKO MODE,hip hop,155,86,2019
EARFQUAKE,hip hop,80,85,2019
Boasty (feat. Idris Elba),grime,103,68,2019
Strike a Pose (feat. Aitch),afroswing,138,67,2019
The London (feat. J. Cole & Travis Scott),alt hip hop,98,75,2019